,Unnamed: 0,city,station,station_name,year,month,day,time_span,season,PM2.5,PRES,TEMP,DEWP,HUMI,IRAIN,pm25_camq,pm10_camq,PM25_cv,cbwd,CV_Iws,NE_Iws,NW_Iws,SE_Iws,SW_Iws,dem,geo,ndv,typ,road,dem_10,dem_25,dem_50,dem_75,dem_100,ndv_10,ndv_25,ndv_50,ndv_75,ndv_100,road_10,road_25,road_50,road_75,road_100,geo_10,geo_25,geo_50,geo_75,geo_100,typ_50,typ_100,typ_150,typ_200,lon,lat,TerraAOD,AquaAOD,Y-M-D
0,354,Baoding,Baoding_Dibiaoshuichang,Dibiaoshuichang,2015,12,21,355,4,425.79166666666674,1025.1833333333334,-3.5958333333333337,-4.679166666666666,92.5,0.0,345.55757789990724,472.35920962871523,294.47291064394835,NE,0.46,3.46,1.0,2.0375,0.0,1161,12,0.2879,31,0.08385748133,1169.1,1161.24,1149.28,1142.9733333333334,1126.24,0.31919000000000003,0.3769560000000001,0.3942359999999999,0.4088506666666666,0.410078,0.109036037473,0.1264371674768,0.1607140386752,0.15867614830333332,0.1478901500928,12,14,12,12,19,52,52,52,52,115.461,38.842,,81.0,2015-12-21
1,1434,Baoding,Baoding_Huadianerqu,Huadianerqu,2015,12,21,355,4,458.83333333333326,1025.1833333333334,-3.5958333333333337,-4.679166666666666,92.5,0.0,296.12804210593464,375.3604575833694,291.5275469847158,NE,0.46,3.46,1.0,2.0375,0.0,1197,17,0.304,21,0.02880201715,1189.0,1159.96,1139.94,1130.6,1113.47,0.35718999999999995,0.377276,0.40007600000000004,0.39018400000000003,0.389158,0.065930708388,0.1362772551308,0.159703656338,0.15739175310866668,0.14949218212999998,12,12,12,12,12,52,52,52,52,115.522,38.896,,89.0,2015-12-21
2,2520,Baoding,Baoding_Jiancezhan,Jiancezhan,2015,12,21,355,4,454.75,1025.1833333333334,-3.5958333333333337,-4.679166666666666,92.5,0.0,296.12804210593464,375.3604575833694,292.81686080237233,NE,0.46,3.46,1.0,2.0375,0.0,1197,19,0.304,21,0.02880201715,1189.0,1159.96,1145.18,1130.6,1113.47,0.35718999999999995,0.377276,0.40007600000000004,0.39018400000000003,0.389158,0.065930708388,0.1430104780964,0.150530648334,0.15739175310866665,0.15013477213629994,12,12,12,12,12,52,52,52,52,115.521,38.871,,89.0,2015-12-21
3,3614,Baoding,Baoding_Jiaopianchang,Jiaopianchang,2015,12,21,355,4,355.875,1025.1833333333334,-3.5958333333333337,-4.679166666666666,92.5,0.0,265.5891927111525,333.6262713102877,292.72356001756583,NE,0.46,3.46,1.0,2.0375,0.0,1161,21,0.36,12,0.08385748133,1152.8,1157.0,1150.88,1145.2933333333333,1129.43,0.31919000000000003,0.3868760000000001,0.395676,0.417864,0.417558,0.109036037473,0.135621004486,0.161735488958,0.1579761289504,0.14883762597509995,12,12,12,12,12,52,52,52,52,115.44200000000001,38.876,,236.25,2015-12-21
4,4708,Baoding,Baoding_Jiedaizhongxin,Jiedaizhongxin,2015,12,21,355,4,405.25,1025.1833333333334,-3.5958333333333337,-4.679166666666666,92.5,0.0,265.5891927111525,333.6262713102877,290.811197240444,NE,0.46,3.46,1.0,2.0375,0.0,1161,14,0.2879,52,0.02880201715,1169.1,1165.16,1151.24,1144.6266666666668,1121.99,0.33279000000000003,0.376956,0.3936759999999999,0.4088506666666665,0.40831799999999996,0.08542059833099999,0.1355238703256,0.1657589958374,0.1611953861342667,0.1527561565012,12,19,12,12,12,52,52,52,52,115.471,38.911,,302.0,2015-12-21
5,5802,Baoding,Baoding_Youyongguan,Youyongguan,2015,12,21,355,4,372.5,1025.1833333333334,-3.5958333333333337,-4.679166666666666,92.5,0.0,296.12804210593464,375.3604575833694,293.2842133813722,NE,0.46,3.46,1.0,2.0375,0.0,1171,20,0.3,21,0.02880201715,1179.0,1164.2,1147.82,1138.6133333333332,1119.8,0.34919,0.381116,0.40071599999999996,0.397064,0.400278,0.08542059833099999,0.13045181038280002,0.15962260734699998,0.15633159502866667,0.14927265286389998,17,12,19,12,12,52,52,52,52,115.493,38.863,,90.0,2015-12-21
6,6896,Beijing,Beijing_Aotizhongxin,Aotizhongxin,2015,12,21,355,4,245.5833333333333,1023.0416666666664,-1.6375000000000004,-4.715044339522239,81.75,0.0,210.30623034815247,355.26966981272165,308.6942087169352,NE,0.45,2.0272727272727282,1.1,1.66,1.1,1020,24,0.636,52,0.0067385752,995.1,969.76,973.02,967.5866666666667,965.35,0.5579999999999999,0.4995120000000001,0.5103880000000001,0.5020720000000001,0.5055940000000001,0.044835528623,0.0403565753396,0.0594800372992,0.06752787491679997,0.0738719988623,12,21,21,17,17,52,52,52,52,116.39,39.99,294.76,153.54166666666666,2015-12-21
7,7986,Beijing,Beijing_Changping,Changping,2015,12,21,355,4,198.125,1017.8958333333336,-1.6833333333333331,-6.276633867416668,71.875,0.0,97.93619509650459,147.1602779985785,277.9677283681916,NW,0.45,1.5,6.291666666666668,2.2,1.0,822,20,0.3319,52,0.01556933174,835.4,887.32,891.92,910.24,915.73,0.38478,0.421592,0.427116,0.4149800000000001,0.427755,0.07590242007300001,0.0657060269992,0.05628362609100001,0.06954644209546666,0.07791702929229999,17,17,17,17,12,52,52,52,52,116.24,40.22,269.8,142.5,2015-12-21
8,9082,Beijing,Beijing_Dongsi,Dongsi,2015,12,21,355,4,241.875,1023.0416666666664,-1.6375000000000004,-4.715044375,81.75,0.0,210.30623034815247,355.26966981272165,316.413275871239,NE,0.45,2.0272727272727282,1.1,1.66,1.1,1055,16,0.508,53,0.02047465131,1031.9,980.4,981.0,976.92,974.97,0.542,0.523512,0.5242280000000001,0.5186586666666667,0.515074,0.04730373074,0.045121134910000006,0.0606742342332,0.062370504633200013,0.0749649018749,16,21,12,17,17,52,52,52,52,116.42,39.93,294.76,153.54166666666666,2015-12-21
9,10175,Beijing,Beijing_Guanyuan,Guanyuan,2015,12,21,355,4,251.3333333333333,1023.0416666666664,-1.6375000000000004,-4.715044375,81.75,0.0,210.30623034815247,355.26966981272165,313.93973077300615,NE,0.45,2.0272727272727282,1.1,1.66,1.1,980,16,0.476,52,0.02944175189,983.3,959.32,956.76,958.28,958.06,0.5539999999999999,0.489112,0.509508,0.4904986666666666,0.4995939999999999,0.018389186321,0.0418606051448,0.0591094138402,0.06375384819719998,0.07452053810920001,16,21,12,17,17,52,52,52,52,116.37,39.94,294.76,153.54166666666666,2015-12-21
10,11270,Beijing,Beijing_Gucheng,Gucheng,2015,12,21,355,4,231.04166666666663,1019.2666666666664,-0.6583333333333331,-4.799223443696505,75.45833333333333,0.0,146.79955464052114,241.2178023601269,310.30658801523606,CV,0.7583333333333333,0.8,0.9333333333333332,1.9428571428571428,1.0,802,12,0.384,52,0.07950394758,823.9,866.6,887.16,900.5066666666668,919.33,0.38478,0.4140720000000001,0.4112759999999999,0.4140733333333333,0.41175500000000004,0.069198279367,0.0482028473812,0.054912122806599996,0.06832066412213335,0.0749595511524,15,13,17,19,17,52,52,52,52,116.19,39.92,133.0,206.0,2015-12-21
11,12366,Beijing,Beijing_Huairou,Huairou,2015,12,21,355,4,144.66666666666666,1017.9083333333333,-2.5458333333333334,-6.604653875,76.33333333333333,0.0,62.968699040651366,89.29693478608141,270.76475849416045,NW,0.3666666666666667,1.175,3.3454545454545452,1.95,0.8500000000000001,1132,16,0.584,52,0.06955031381,1113.4,1080.6,1065.18,1049.4533333333334,1037.04,0.5779799999999999,0.557268,0.542554,0.532956,0.5248740000000001,0.115484132497,0.08327545389079999,0.07523191688879999,0.07642921129026665,0.07897103216779999,15,14,14,14,30,52,52,52,52,116.64,40.34,477.0,153.54166666666666,2015-12-21
12,13460,Beijing,Beijing_Nongzhanguan,Nongzhanguan,2015,12,21,355,4,254.5,1023.0416666666664,-1.6375000000000004,-4.715044339522239,81.75,0.0,228.477022030066,381.5049030762021,315.1302817464783,NE,0.45,2.0272727272727282,1.1,1.66,1.1,1044,24,0.512,31,0.02047465131,1049.4,1030.08,1010.78,993.0933333333336,992.57,0.5336000000000001,0.5523079999999999,0.53279,0.523512,0.5195139999999999,0.046228961385,0.0583115164776,0.0671898053258,0.06635052098040001,0.07517340961670001,16,21,13,19,17,21,52,52,52,116.47,39.95,100.0,75.0,2015-12-21
13,14555,Beijing,Beijing_Shunyi,Shunyi,2015,12,21,355,4,182.2083333333333,1023.8208333333336,-1.5666666666666669,-5.912517688499586,73.95833333333333,0.0,45.73866093254838,67.4824556395089,263.42031348433426,NW,0.2,2.4,4.5625,1.0,1.1,1132,36,0.584,41,0.21907337275,1111.7,1080.6,1069.74,1052.0933333333332,1039.16,0.57798,0.557268,0.5398340000000001,0.5302359999999999,0.525995,0.115484132497,0.092789661626,0.07921526497819999,0.07211934746786666,0.08338023803910001,36,36,47,47,47,52,52,52,52,116.65,40.41,494.0,190.66666666666663,2015-12-21
14,15650,Beijing,Beijing_Tiantan,Tiantan,2015,12,21,355,4,248.125,1023.0416666666664,-1.6375000000000004,-4.715044339522239,81.75,0.0,204.13017119254417,320.41620839919375,321.0769618123182,NE,0.45,2.0272727272727282,1.1,1.66,1.1,1055,16,0.508,53,0.02043553931,1031.9,989.44,981.0,976.92,974.97,0.542,0.523512,0.524228,0.5186586666666667,0.514674,0.05463845287499999,0.0397243914184,0.06666541321780001,0.06214689768693332,0.0770176452275,12,12,12,12,17,52,52,52,52,116.42,39.89,294.76,153.54166666666666,2015-12-21
15,16746,Beijing,Beijing_Wanliu,Wanliu,2015,12,21,355,4,246.375,1021.4375,-1.475,-5.2534987595,77.375,0.0,185.67029287726933,319.79352895728,308.8201360711628,NE,0.6666666666666666,2.2,2.2333333333333334,0.6,0.0,865,24,0.5720000000000001,32,0.01964136505,908.5,923.76,920.98,937.2133333333336,943.23,0.47798999999999997,0.471832,0.471674,0.4739653333333334,0.475713,0.035089393896,0.037609912519200005,0.052797433486,0.06931289616186667,0.07457931497919999,15,21,13,17,12,52,52,52,52,116.31,39.97,294.76,153.54166666666666,2015-12-21
16,17842,Beijing,Beijing_Wanshouxigong,Wanshouxigong,2015,12,21,355,4,269.125,1023.0416666666664,-1.6375000000000004,-4.715044375,81.75,0.0,204.13017119254417,320.41620839919375,320.70568228376567,NE,0.45,2.0272727272727282,1.1,1.66,1.1,980,12,0.476,52,0.02043553931,983.3,959.32,956.76,958.28,957.97,0.5539999999999999,0.502232,0.509508,0.4957786666666668,0.5051140000000001,0.020796077420000003,0.040270651369199995,0.0603881814636,0.06367382014159999,0.0762672511583,12,17,13,12,17,52,52,52,52,116.37,39.88,294.76,153.54166666666666,2015-12-21
17,18937,Cangzhou,Cangzhou_Cangxianchengjianju,Cangxianchengjianju,2015,12,21,355,4,361.58333333333326,1026.8041666666668,-0.4499999999999998,-4.383333333333332,76.79166666666667,0.0,234.19931310673698,276.93289379537237,317.8319362614464,SE,0.4,1.0400000000000005,1.8,2.1125,2.15,1033,17,0.476,52,0.01980970061,1037.9,1068.28,1053.88,1056.8,1051.85,0.51799,0.556948,0.54679,0.5614319999999999,0.5759099999999999,0.090945604195,0.1075125224256,0.10550626571319999,0.1006856435384,0.0978699546532,33,77,77,77,77,12,52,52,52,116.885,38.299,413.0,1273.0,2015-12-21
18,20026,Cangzhou,Cangzhou_Dianshizhuanbozhan,Dianshizhuanbozhan,2015,12,21,355,4,344.875,1026.8041666666668,-0.4499999999999998,-4.383333333333332,76.79166666666667,0.0,234.19931310673698,276.93289379537237,318.25318430516637,SE,0.4,1.0400000000000005,1.8,2.1125,2.15,1008,17,0.56,22,0.03456582152,1043.2,1072.52,1056.26,1058.6533333333334,1052.81,0.5235799999999999,0.533748,0.54903,0.549752,0.5696279999999999,0.090945604195,0.10751252242560001,0.10143150878359998,0.1006856435384,0.0958155857354,33,77,77,77,77,52,52,52,52,116.85799999999999,38.325,530.75,728.0,2015-12-21
19,21116,Cangzhou,Cangzhou_Shihuanbaoju,Shihuanbaoju,2015,12,21,355,4,244.5833333333333,1026.8041666666668,-0.4499999999999998,-4.383333333333332,76.79166666666667,0.0,234.19931310673698,276.93289379537237,317.90987295662205,SE,0.4,1.0400000000000005,1.8,2.1125,2.15,1008,17,0.56,31,0.03456582152,1037.9,1072.52,1054.6,1058.48,1052.17,0.5163800000000001,0.545268,0.54591,0.5599386666666666,0.571829,0.090945604195,0.1075125224256,0.1014315087836,0.1006856435384,0.09507794092249998,33,77,77,77,77,52,52,52,52,116.87100000000001,38.323,530.75,728.0,2015-12-21
20,22206,Chengde,Chengde_Kaifaqu,Kaifaqu,2015,12,21,355,4,155.58333333333334,975.7791666666666,-6.958333333333332,-10.1625,79.0,0.0,27.22850029349152,41.51924038236165,252.15142239043988,CV,0.18571428571428567,0.6666666666666666,0.9,1.1166666666666667,0.5,946,19,0.5920000000000001,31,0.32377701651,946.4,942.32,949.88,958.9066666666664,962.05,0.6459900000000001,0.639832,0.6268739999999999,0.6119386666666667,0.608394,0.22965886785999998,0.1938650227496,0.16411095191740002,0.16508391507679998,0.1568339359463,39,39,39,39,32,22,52,22,31,117.963,40.936,306.1666666666667,232.0,2015-12-21
21,23295,Chengde,Chengde_Ligong,Ligong,2015,12,21,355,4,105.75,975.7791666666666,-6.958333333333332,-10.1625,79.0,0.0,50.778114480672635,72.12205953811443,251.7455400085968,CV,0.18571428571428567,0.6666666666666666,0.9,1.1166666666666667,0.5,923,22,0.66,11,0.32377701651,948.3,944.96,955.38,960.64,964.89,0.6531899999999999,0.6499119999999999,0.6312740000000001,0.614128,0.612912,0.22965886785999998,0.20462137645,0.16776196576340002,0.16795390173146665,0.1619839767264,11,11,32,39,39,31,12,12,31,117.932,40.983999999999995,281.8333333333333,383.0,2015-12-21
22,24384,Chengde,Chengde_Tielu,Tielu,2015,12,21,355,4,143.91666666666666,975.7791666666666,-6.958333333333332,-10.1625,79.0,0.0,27.22850029349152,41.51924038236165,252.3198619437859,CV,0.18571428571428567,0.6666666666666666,0.9,1.1166666666666667,0.5,946,28,0.5920000000000001,12,0.32377701651,946.4,942.32,949.38,958.9066666666664,961.26,0.6395899999999999,0.6398320000000001,0.624794,0.613112,0.6064339999999999,0.223376591979,0.1938650227496,0.1641109519174,0.1564760844413333,0.16064200427109998,19,39,39,39,39,31,31,12,31,117.96600000000001,40.916,306.1666666666667,232.0,2015-12-21
23,25473,Chengde,Chengde_Wenhuazhongxin,Wenhuazhongxin,2015,12,21,355,4,159.83333333333334,975.7791666666666,-6.958333333333332,-10.1625,79.0,0.0,30.36793244150756,45.73712297794697,251.44760507346484,CV,0.18571428571428567,0.6666666666666666,0.9,1.1166666666666667,0.5,975,26,0.8640000000000001,33,0.23134290487,946.8,972.08,970.36,971.8666666666667,974.36,0.6719999999999999,0.621116,0.6337520000000001,0.6322053333333333,0.640753,0.185316248617,0.18921684232920002,0.17291817673499998,0.17321589712493332,0.1628364459454,37,37,37,37,37,31,31,31,31,117.818,40.973,256.5,632.0,2015-12-21
24,26562,Chengde,Chengde_Zhongguoyinhang,Zhongguoyinhang,2015,12,21,355,4,156.29166666666666,975.7791666666666,-6.958333333333332,-10.1625,79.0,0.0,50.778114480672635,72.12205953811443,251.77106820023403,CV,0.18571428571428567,0.6666666666666666,0.9,1.1166666666666667,0.5,946,29,0.6679999999999999,31,0.32377701651,947.3,942.32,951.76,959.4266666666666,962.81,0.64599,0.6481520000000001,0.628234,0.61226,0.609114,0.22965886785999998,0.20462137645,0.16834602536559998,0.16694107145533335,0.1616273849876,16,11,39,32,39,12,31,52,31,117.95200000000001,40.983999999999995,297.0,198.0,2015-12-21
25,27651,Handan,Handan_Congtaigongyuan,Congtaigongyuan,2015,12,21,355,4,359.66666666666674,1018.5791666666668,0.775,-3.7833333333333337,73.20833333333333,0.0,287.56836930469063,434.6807542597786,427.5636899052262,NW,0.0,2.583333333333333,3.5933333333333333,1.7999999999999998,1.1,1060,19,0.35600000000000004,22,0.00856436354,1089.6,1113.04,1112.48,1116.0,1118.07,0.3352,0.33823600000000004,0.375354,0.36767466666666665,0.379114,0.054427102538,0.0711773418568,0.0777316401296,0.07309923999546668,0.08613610700639998,16,12,12,12,12,52,52,52,52,114.49600000000001,36.62,,,2015-12-21
26,28744,Handan,Handan_Dongwushuichulichang,Dongwushuichulichang,2015,12,21,355,4,439.66666666666674,1018.5791666666668,0.775,-3.7833333333333337,73.20833333333333,0.0,287.56836930469063,434.6807542597786,426.5747088646273,NW,0.0,2.583333333333333,3.5933333333333333,1.7999999999999998,1.1,1101,19,0.292,52,0.01205528303,1084.6,1107.24,1113.92,1112.7333333333333,1114.07,0.3212,0.342072,0.372714,0.3771133333333333,0.3956739999999999,0.054427102538,0.0748441749776,0.0777316401296,0.07483560028333333,0.08613610700639998,12,12,12,12,19,52,52,52,52,114.54299999999999,36.616,,,2015-12-21
27,29838,Handan,Handan_Huanbaoju,Huanbaoju,2015,12,21,355,4,341.0416666666667,1018.5791666666668,0.775,-3.7833333333333337,73.20833333333333,0.0,287.56836930469063,434.6807542597786,427.18885064030235,NW,0.0,2.583333333333333,3.5933333333333333,1.7999999999999998,1.1,1073,19,0.368,31,0.05184214724,1086.0,1109.56,1112.64,1113.4533333333334,1116.99,0.33359999999999995,0.34063200000000005,0.370954,0.3729,0.38403400000000004,0.054427102538000004,0.0711773418568,0.0777316401296,0.07309923999546668,0.08613610700639998,16,12,12,12,19,52,52,52,52,114.51299999999999,36.618,,,2015-12-21
28,30932,Handan,Handan_Kuangyuan,Kuangyuan,2015,12,21,355,4,258.75,1018.5791666666668,0.775,-3.7833333333333337,73.20833333333333,0.0,287.56836930469063,434.6807542597786,422.5931705358045,NW,0.0,2.583333333333333,3.5933333333333333,1.7999999999999998,1.1,1060,13,0.364,31,0.05184214724,1086.0,1111.48,1113.38,1114.6266666666668,1116.99,0.3336,0.34063200000000005,0.374234,0.3707133333333333,0.382354,0.065048794536,0.07085171986160001,0.0766314941616,0.07353906541786666,0.08308740817459999,13,12,12,12,12,52,52,52,52,114.50399999999999,36.578,,,2015-12-21
29,32024,Hengshui,Hengshui_Dianjibeichang,Dianjibeichang,2015,12,21,355,4,377.91666666666674,1024.8416666666667,0.12083333333333328,-4.65,71.08333333333333,0.0,249.3640081897914,299.2107846156298,339.61565308136545,SE,0.0,1.6,0.0,2.608333333333333,1.475,1105,13,0.36,24,0.02283955525,1138.5,1100.08,1075.52,1077.2533333333333,1058.95,0.3688,0.36208,0.34856000000000004,0.3521026666666667,0.355594,0.121504649475,0.13019306696159996,0.1230205554676,0.1170678284134667,0.121703968426,16,16,16,12,12,52,52,52,52,115.695,37.758,733.0,1173.0,2015-12-21
30,33116,Hengshui,Hengshui_Shihuanbaoju,Shihuanbaoju,2015,12,21,355,4,366.29166666666674,1024.8416666666667,0.12083333333333328,-4.65,71.08333333333333,0.0,249.3640081897914,299.2107846156298,339.9868397423272,SE,0.0,1.6,0.0,2.608333333333333,1.475,1105,13,0.36,22,0.01354602084,1155.8,1100.08,1073.74,1082.3733333333332,1058.95,0.3688,0.36208,0.34856000000000004,0.3521026666666667,0.355594,0.11716659259199998,0.1301930669616,0.1242159619912,0.12052093742493335,0.1237780383419,16,16,16,12,12,52,52,52,52,115.69,37.739000000000004,596.8,706.0,2015-12-21
31,34088,Hengshui,Hengshui_Shijiancezhan,Shijiancezhan,2015,12,21,355,4,380.25,1024.8416666666667,0.12083333333333328,-4.65,71.08333333333333,0.0,249.3640081897914,299.2107846156298,340.87137357353794,SE,0.0,1.6,0.0,2.608333333333333,1.475,1178,13,0.536,53,0.20651826626,1179.8,1127.6,1096.66,1093.36,1077.33,0.4152,0.35568000000000005,0.35623800000000005,0.3525853333333333,0.357556,0.11716659259199998,0.128625198082,0.12190404460280001,0.12116263991773335,0.1238148730977,16,16,16,12,16,52,52,52,52,115.64299999999999,37.738,171.0,1171.0,2015-12-21
32,35178,Langfang,Langfang_Beihuahangtianxueyuan,Beihuahangtianxueyuan,2015,12,21,355,4,405.0869565217391,1025.525,-2.370833333333334,-4.8500000000000005,84.41666666666667,0.0,315.26668103642396,431.46607172595594,271.15674256212213,SW,0.0,1.0,1.3,1.3,2.257142857142857,1098,20,0.4920000000000001,52,0.02615792294,1111.0,1072.72,1074.52,1062.4266666666667,1056.77,0.5,0.5182319999999999,0.5203119999999999,0.5178586666666667,0.5255529999999999,0.1247616943,0.1019985032132,0.087716477593,0.08054528835613332,0.0742112380119,14,14,16,12,12,52,52,52,52,116.73700000000001,39.534,229.16666666666663,112.0,2015-12-21
33,36240,Langfang,Langfang_Kaifaqu,Kaifaqu,2015,12,21,355,4,308.9166666666667,1025.525,-2.370833333333334,-4.8500000000000005,84.41666666666667,0.0,274.2432406491229,391.1413918878823,268.2384461345852,SW,0.0,1.0,1.3,1.3,2.257142857142857,1080,20,0.456,52,0.14419630731,1085.6,1076.52,1068.94,1063.9066666666668,1054.68,0.4704,0.511516,0.5164719999999999,0.5205773333333333,0.5248320000000001,0.10822785894300001,0.10124456338599998,0.09189289225500001,0.08008619694453332,0.07444260331439999,13,14,15,12,19,52,52,52,52,116.773,39.575,205.2,617.0,2015-12-21
34,37299,Langfang,Langfang_Yaocaigongsi,Yaocaigongsi,2015,12,21,355,4,405.95833333333326,1025.525,-2.370833333333334,-4.8500000000000005,84.41666666666667,0.0,331.46479873484355,467.2587594650782,270.9871897493669,SW,0.0,1.0,1.3,1.3,2.257142857142857,1156,12,0.512,46,0.02979942028,1115.1,1076.32,1072.22,1058.1066666666666,1039.73,0.5171999999999999,0.5295920000000001,0.529512,0.5219666666666667,0.5227930000000001,0.096038455472,0.106447250106,0.08798270963540003,0.08179677280360001,0.07223808416739999,12,12,12,12,12,52,52,52,52,116.684,39.518,246.6,784.0,2015-12-21
35,38390,Qinhuangdao,Qinhuangdao_Beidaihe,Beidaihe,2015,12,21,355,4,150.20833333333334,1026.1416666666664,0.1833333333333332,-5.279166666666668,68.70833333333333,0.0,104.511265842321,133.13002481629692,264.4613145863926,NW,0.4,1.2,19.238095238095234,0.0,2.1,906,29,0.708,52,0.02216511109,937.3,946.76,950.6,960.04,955.51,0.7163999999999999,0.6827,0.6512699999999999,0.6534853333333334,0.649794,0.092154478815,0.15255330495039998,0.14534405195779998,0.126380855978,0.13768814649279998,94,14,19,19,19,12,12,12,12,119.52600000000001,39.828,911.0,316.0,2015-12-21
36,39479,Qinhuangdao,Qinhuangdao_Diyiguan,Diyiguan,2015,12,21,355,4,172.04166666666663,1026.1416666666664,0.1833333333333332,-5.279166666666668,68.70833333333333,0.0,82.95931989943863,107.01284039264802,260.8069520680445,NW,0.4,1.2,19.238095238095234,0.0,2.1,958,22,0.6559999999999999,12,0.01308175979,1008.6,984.52,972.46,968.96,966.16,0.6299899999999999,0.686868,0.7007099999999999,0.7083133333333334,0.7119929999999998,0.10128511094599996,0.11763939859719999,0.1357294267442,0.14299358530226666,0.13531983662539998,26,13,12,17,19,12,12,12,12,119.762,40.018,142.0,280.0,2015-12-21
37,40568,Qinhuangdao,Qinhuangdao_Jiancezhan,Jiancezhan,2015,12,21,355,4,148.70833333333334,1026.1416666666664,0.1833333333333332,-5.279166666666668,68.70833333333333,0.0,77.50722625198387,100.29265001508028,261.68539062237096,NW,0.4,1.2,19.238095238095234,0.0,2.1,945,16,0.7120000000000001,23,0.07907699537,950.8,962.84,966.52,963.6933333333334,961.31,0.6995899999999999,0.6873440000000002,0.6775100000000001,0.6631386666666667,0.6695519999999999,0.104744943156,0.14963151549879994,0.1398337803074,0.1361196071121333,0.13873296301899998,20,12,12,12,14,52,12,12,12,119.602,39.957,618.0,107.0,2015-12-21
38,41657,Qinhuangdao,Qinhuangdao_Jianshedasha,Jianshedasha,2015,12,21,355,4,148.25,1026.1416666666664,0.1833333333333332,-5.279166666666668,68.70833333333333,0.0,90.82240352592324,116.49440455249392,261.8942010053621,NW,0.4,1.2,19.238095238095234,0.0,2.1,906,14,0.708,32,0.01249729773,933.8,947.96,954.58,960.3866666666668,956.14,0.7163999999999999,0.6827,0.6512700000000001,0.6534853333333334,0.649914,0.123733294243,0.15255330495039998,0.145329798572,0.13436714496426666,0.14392797463089999,12,14,14,14,14,12,12,12,12,119.537,39.942,103.0,385.0,2015-12-21
39,42707,Qinhuangdao,Qinhuangdao_Shizhengfu,Shizhengfu,2015,12,21,355,4,151.33333333333334,1026.1416666666664,0.1833333333333332,-5.279166666666668,68.70833333333333,0.0,95.49588888255406,122.34955135104694,262.180252079242,NW,0.4,1.2,19.238095238095234,0.0,2.1,945,12,0.632,51,0.07907699537,950.8,962.84,966.52,962.4933333333332,962.11,0.6995899999999999,0.6823839999999999,0.6795899999999999,0.6649519999999999,0.6709130000000001,0.104744943156,0.14963151549879994,0.1398337803074,0.13611960711213333,0.13873296301899998,20,20,14,14,14,52,12,12,12,119.60700000000001,39.936,710.0,435.0,2015-12-21
40,43796,Shijiazhuang,Shijiazhuang_Gaoxinqu,Gaoxinqu,2015,12,21,355,4,345.3181818181818,1014.0541666666664,0.19166666666666665,-4.245833333333334,73.41666666666667,0.0,279.58111464478384,348.88819811242615,366.76405884882996,NW,0.35000000000000003,1.9666666666666668,2.7111111111111112,3.1499999999999995,0.85,1084,12,0.364,53,0.14572015451,1119.8,1102.8,1109.4,1106.6133333333332,1108.03,0.3336,0.33823600000000004,0.35767399999999994,0.3653266666666667,0.379754,0.07387235829199999,0.0739085735312,0.0998786113198,0.0883433892372,0.0871818136046,12,16,16,12,21,52,52,52,52,114.605,38.04,461.0,145.0,2015-12-21
41,44883,Shijiazhuang,Shijiazhuang_Renminhuitang,Renminhuitang,2015,12,21,355,4,357.83333333333326,1014.0541666666664,0.19166666666666665,-4.245833333333334,73.41666666666667,0.0,320.4363573774672,405.2124637747782,366.1657192355252,NW,0.35000000000000003,1.9666666666666668,2.7111111111111112,3.1499999999999995,0.85,1093,21,0.312,46,0.10762264164,1082.3,1109.56,1112.4,1112.7466666666667,1117.66,0.36639,0.347196,0.35167600000000004,0.354768,0.3615529999999999,0.059944782613000014,0.07194271521439999,0.092136338858,0.08679141986226667,0.08804960207609998,12,12,16,39,21,52,52,52,52,114.521,38.052,461.0,209.66666666666663,2015-12-21
42,45970,Shijiazhuang,Shijiazhuang_Shijigongyuan,Shijigongyuan,2015,12,21,355,4,481.6428571428572,1014.0541666666664,0.19166666666666665,-4.245833333333334,73.41666666666667,0.0,320.4363573774672,405.2124637747782,367.30593946004234,NW,0.35000000000000003,1.9666666666666668,2.7111111111111112,3.1499999999999995,0.85,1118,21,0.34,12,0.01337315852,1082.3,1107.24,1113.18,1110.6266666666668,1113.96,0.36119,0.344316,0.351036,0.35834,0.3660729999999999,0.07473547488400001,0.07440155435200001,0.092136338858,0.08679141986226667,0.08847539930599999,12,16,16,21,21,52,52,52,52,114.542,38.031,461.0,87.0,2015-12-21
43,47052,Shijiazhuang,Shijiazhuang_Xibeishuiyuan,Xibeishuiyuan,2015,12,21,355,4,340.0869565217391,1014.0541666666664,0.19166666666666665,-4.245833333333334,73.41666666666667,0.0,263.64910058494974,322.3747614057516,361.8611520796239,NW,0.35000000000000003,1.9666666666666668,2.7111111111111112,3.1499999999999995,0.85,1060,12,0.416,31,0.07354135615,1086.0,1111.48,1109.98,1114.0266666666666,1117.66,0.36479,0.34927600000000003,0.35263599999999995,0.35023466666666664,0.3548349999999999,0.053353676548,0.07662370472999999,0.0916091479334,0.08582739265866668,0.0904837255838,13,21,15,21,12,52,52,52,52,114.50200000000001,38.14,461.0,72.0,2015-12-21
44,48139,Shijiazhuang,Shijiazhuang_Xinangaojiao,Xinangaojiao,2015,12,21,355,4,347.41666666666674,1014.0541666666664,0.19166666666666665,-4.245833333333334,73.41666666666667,0.0,320.4363573774672,405.2124637747782,368.41498638554083,NW,0.35000000000000003,1.9666666666666668,2.7111111111111112,3.1499999999999995,0.85,1070,16,0.412,24,0.08075255034,1089.6,1115.0,1113.4,1118.7733333333333,1119.89,0.36239,0.34927600000000003,0.357116,0.34836933333333336,0.353115,0.057854043915,0.06982842949599999,0.08656086194500003,0.08600243945946667,0.08533614970579999,12,12,16,21,16,52,52,52,52,114.46700000000001,38.012,461.0,138.11111111111111,2015-12-21
45,49226,Shijiazhuang,Shijiazhuang_Zhigongyiyuan,Zhigongyiyuan,2015,12,21,355,4,384.0,1014.0541666666664,0.19166666666666665,-4.245833333333334,73.41666666666667,0.0,266.78480965864253,329.49379709334784,366.1096118120882,NW,0.35000000000000003,1.9666666666666668,2.7111111111111112,3.1499999999999995,0.85,1069,21,0.36,21,0.08075255034,1092.0,1115.0,1115.0,1119.2666666666667,1120.47,0.35959,0.357756,0.3584759999999999,0.3469293333333333,0.35143499999999994,0.055069708673000005,0.0675804635896,0.0825821209536,0.08337667096133335,0.08566276129509998,12,12,15,21,21,52,52,52,52,114.455,38.051,461.0,228.0,2015-12-21
46,50313,Tangshan,Tangshan_Gongxiaoshe,Gongxiaoshe,2015,12,21,355,4,250.91666666666663,1024.4499999999996,-3.9083333333333328,-5.6000000000000005,89.04166666666669,0.0,350.66047955631814,492.173984578049,261.0478900218962,NW,0.35,3.975,2.3200000000000003,0.95,1.7333333333333334,939,15,0.688,31,0.04713290765,933.9,953.88,946.84,949.8266666666667,948.99,0.5828,0.57216,0.5821559999999999,0.5883653333333334,0.595232,0.059806990883999996,0.13180565951919998,0.11874696221560001,0.12560240352386667,0.11592265874559995,12,15,15,12,12,12,12,12,12,118.166,39.631,314.22222222222223,177.0,2015-12-21
47,51407,Tangshan,Tangshan_Leidazhan,Leidazhan,2015,12,21,355,4,291.1666666666667,1024.4499999999996,-3.9083333333333328,-5.6000000000000005,89.04166666666669,0.0,236.97520918301223,315.79933578423146,261.51226202200934,NW,0.35,3.975,2.3200000000000003,0.95,1.7333333333333334,906,15,0.632,52,0.04713290765,925.5,953.68,946.5,949.72,950.95,0.5860000000000001,0.5745560000000001,0.5843980000000001,0.5855386666666667,0.598071,0.061368461201999985,0.1218775934372,0.11874696221560001,0.12560240352386667,0.11786760868819998,12,15,15,19,12,31,12,12,12,118.14399999999999,39.643,314.22222222222223,852.0,2015-12-21
48,52501,Tangshan,Tangshan_Shierzhong,Shierzhong,2015,12,21,355,4,278.4583333333333,1024.4499999999996,-3.9083333333333328,-5.6000000000000005,89.04166666666669,0.0,276.71658589029164,379.3862898109739,258.4570972247004,NW,0.35,3.975,2.3200000000000003,0.95,1.7333333333333334,939,12,0.58,11,0.04713290765,936.4,955.32,947.48,949.5733333333334,950.55,0.5828,0.5686399999999999,0.583196,0.5885786666666667,0.5919519999999999,0.068957279065,0.12187759343720002,0.1222991626878,0.12626174635906665,0.11867825003329995,12,15,15,12,12,12,12,12,12,118.184,39.658,284.0,1141.0,2015-12-21
49,53595,Tangshan,Tangshan_Taocigongsi,Taocigongsi,2015,12,21,355,4,281.375,1024.4499999999996,-3.9083333333333328,-5.6000000000000005,89.04166666666669,0.0,276.71658589029164,379.3862898109739,255.93517038842086,NW,0.35,3.975,2.3200000000000003,0.95,1.7333333333333334,923,19,0.472,31,0.09536782897,944.3,951.92,950.92,948.3066666666666,948.78,0.5847999999999999,0.5585600000000001,0.5848760000000001,0.591672,0.589312,0.069966932026,0.1064393731164,0.12435009248839995,0.1289415630304,0.11933108118299998,15,15,15,12,12,12,12,12,12,118.219,39.668,279.6666666666667,604.7142857142858,2015-12-21
50,54678,Tangshan,Tangshan_Wuziju,Wuziju,2015,12,21,355,4,229.25,1024.4499999999996,-3.9083333333333328,-5.6000000000000005,89.04166666666669,0.0,276.71658589029164,379.3862898109739,259.4172267752843,NW,0.35,3.975,2.3200000000000003,0.95,1.7333333333333334,939,12,0.58,21,0.04713290765,936.4,955.32,949.4,949.5733333333334,950.55,0.5851999999999999,0.5686399999999999,0.5831959999999999,0.5917253333333333,0.590312,0.061718899856,0.1269450335792,0.1222991626878,0.12560240352386667,0.11867825003329995,12,15,15,12,12,12,12,12,12,118.185,39.641,314.22222222222223,177.0,2015-12-21
51,55772,Tangshan,Tangshan_Xiaoshan,Xiaoshan,2015,12,21,355,4,278.5833333333333,1024.4499999999996,-3.9083333333333328,-5.6000000000000005,89.04166666666669,0.0,350.66047955631814,492.173984578049,259.2384045587796,NW,0.35,3.975,2.3200000000000003,0.95,1.7333333333333334,950,21,0.7559999999999999,12,0.01138242839,936.4,953.96,949.06,949.1466666666664,949.83,0.5852,0.55872,0.5824760000000001,0.5909786666666665,0.5890719999999999,0.061718899856,0.1269450335792,0.1192418228866,0.1286759675592,0.11737671851220001,12,12,15,12,12,12,12,12,12,118.2,39.63,379.0,82.0,2015-12-21
52,56865,Tianjin,Tianjin_Beichen,Beichen,2015,12,21,355,4,385.7,1027.3125000000002,-2.8375,-5.408333333333332,83.54166666666667,0.0,323.1383291655378,394.57662564253775,295.06903972000543,CV,0.4375,1.3,1.1333333333333333,0.6499999999999999,0.9666666666666668,986,17,0.7440000000000001,32,0.04491464302,1005.3,1014.04,1014.88,1016.4933333333332,1015.47,0.7499899999999999,0.7119880000000001,0.6921499999999999,0.6584466666666665,0.6550689999999999,0.067407893961,0.060626419377200015,0.06582079627859999,0.07649672552626667,0.0725332909662,17,17,17,17,17,52,52,31,31,117.228,39.227,,77.0,2015-12-21
53,57927,Tianjin,Tianjin_Dazhigu,Dazhigu,2015,12,21,355,4,324.8695652173913,1026.8708333333334,1.2291666666666667,-5.245833333333334,63.25,0.0,312.4714469076784,379.75075363731315,294.45167490650897,SW,0.24,0.0,1.2,2.0166666666666666,2.15,983,28,0.76,43,0.07657375434,1006.4,1014.04,1013.16,1016.6933333333334,1015.23,0.74878,0.7299079999999999,0.6902300000000001,0.6653266666666667,0.6571489999999999,0.05377852298699999,0.059520090996400016,0.06366737869,0.07462349908813333,0.07516535037949999,55,17,28,17,17,31,12,31,31,117.245,39.111,,175.33333333333337,2015-12-21
54,59013,Tianjin,Tianjin_Qianjin,Qianjin,2015,12,21,355,4,338.5652173913044,1026.8708333333334,1.2291666666666667,-5.245833333333334,63.25,0.0,329.5665150888208,392.80613553597976,296.4195549561298,SW,0.24,0.0,1.2,2.0166666666666666,2.15,999,28,0.816,31,0.04258408183,1004.5,1017.28,1013.04,1017.1733333333333,1016.3,0.7451899999999999,0.682704,0.68703,0.655192,0.6539490000000001,0.046473628112,0.057331813304400014,0.0625573650864,0.07413534297973333,0.07516535037949999,17,17,28,17,17,12,52,52,52,117.20200000000001,39.093,,175.33333333333337,2015-12-21
55,60099,Tianjin,Tianjin_Qinjian,Qinjian,2015,12,21,355,4,404.9523809523809,1026.8708333333334,1.2291666666666667,-5.245833333333334,63.25,0.0,344.75638507551423,419.3613018467672,299.23956019484893,SW,0.24,0.0,1.2,2.0166666666666666,2.15,1000,28,0.7440000000000001,22,0.0054135999100000005,1017.2,1028.2,1016.38,1021.8933333333333,1021.8,0.7119799999999998,0.667824,0.6530279999999999,0.6415906666666668,0.638149,0.048139791469,0.0536291877976,0.0566597351378,0.07531169344586668,0.0765581025268,55,17,28,17,17,12,12,12,12,117.145,39.165,,361.0,2015-12-21
56,61180,Tianjin,Tianjin_Yuejin,Yuejin,2015,12,21,355,4,311.9130434782609,1027.1916666666666,-0.05000000000000012,-4.358333333333333,74.125,0.0,298.47998021641,361.0946715533596,291.695102761038,CV,0.12222222222222225,1.05,2.3,1.0166666666666666,0.8999999999999999,1029,17,0.688,52,0.02444237056,1004.6,1003.72,1015.8,1011.2933333333333,1014.54,0.73879,0.7217520000000001,0.7051139999999999,0.6789786666666667,0.6802699999999998,0.063843076606,0.06861766259560001,0.0703985760202,0.07434776460106668,0.07848479560680001,55,17,28,17,77,21,31,31,31,117.315,39.086999999999996,,175.33333333333337,2015-12-21
57,62269,Xingtai,Xingtai_Dahuoquan,Dahuoquan,2015,12,21,355,4,520.3333333333334,1017.6666666666664,1.1875,-4.733333333333333,65.04166666666667,0.0,247.03019393452684,306.1788019435471,336.92992607258066,NW,0.3,1.9,14.250000000000002,5.533333333333334,0.0,1068,17,0.34,31,0.04311091812,1089.6,1115.0,1113.2,1116.4266666666667,1119.24,0.36119,0.344316,0.35599400000000003,0.3680466666666667,0.366714,0.09360085569399998,0.07909082473960001,0.08827723277119999,0.09203313525653334,0.0941573639745,12,12,17,17,17,52,52,52,52,114.48200000000001,37.097,,,2015-12-21
58,63362,Xingtai,Xingtai_Luqiaogongsi,Luqiaogongsi,2015,12,21,355,4,509.2173913043478,1017.6666666666664,1.1875,-4.733333333333333,65.04166666666667,0.0,279.6117280908929,349.8583359309539,337.2509548925463,NW,0.3,1.9,14.250000000000002,5.533333333333334,0.0,1118,12,0.35600000000000004,32,0.04311091812,1082.3,1107.24,1113.98,1111.72,1115.35,0.3352,0.33823600000000004,0.37191399999999997,0.3676213333333333,0.379114,0.09360085569399998,0.0757270627352,0.08265171850539997,0.0950422510708,0.09029310799449998,12,12,17,17,17,52,52,52,52,114.53299999999999,37.096,,,2015-12-21
59,64453,Xingtai,Xingtai_Shihuanbaoju,Shihuanbaoju,2015,12,21,355,4,491.45833333333326,1017.6666666666664,1.1875,-4.733333333333333,65.04166666666667,0.0,247.03019393452684,306.1788019435471,338.641905534753,NW,0.3,1.9,14.250000000000002,5.533333333333334,0.0,1068,17,0.34,53,0.04867811138,1089.6,1113.04,1113.9,1116.8666666666666,1119.24,0.36119,0.3414360000000001,0.359034,0.37001999999999996,0.366714,0.08895445713899999,0.07572706273519997,0.08786422694979999,0.0950422510708,0.092793954872,12,17,12,17,17,52,52,52,52,114.485,37.062,,,2015-12-21
60,65547,Xingtai,Xingtai_Xingshigaozhuan,Xingshigaozhuan,2015,12,21,355,4,418.41666666666674,1017.6666666666664,1.1875,-4.733333333333333,65.04166666666667,0.0,312.13924830201745,395.24118883454287,339.3220013798,NW,0.3,1.9,14.250000000000002,5.533333333333334,0.0,1093,12,0.35600000000000004,12,0.15634640552999998,1082.3,1107.24,1113.12,1112.7333333333333,1116.2,0.3352,0.33823600000000004,0.371914,0.3676213333333333,0.376554,0.086013389966,0.06977972308199999,0.08724622553860001,0.0950422510708,0.09429786743439998,12,17,12,17,12,52,52,52,52,114.52600000000001,37.053000000000004,,,2015-12-21
61,66624,Zhangjiakou,Zhangjiakou_Beibengfang,Beibengfang,2015,12,21,355,4,68.125,933.9541666666668,-5.95,-10.279166666666667,72.95833333333333,0.0,47.83358637441607,74.9250900889378,275.6835352909204,NW,0.2333333333333333,3.6333333333333337,2.341666666666667,0.9,1.3,1092,12,0.29600000000000004,52,0.04363359244,1105.1,1097.92,1108.84,1107.4266666666667,1107.76,0.31199999999999994,0.343352,0.36519,0.3719373333333333,0.377831,0.08053111203999999,0.06871507377279999,0.10488668420460001,0.12186447220013333,0.1311089263869,22,22,40,40,40,52,52,52,52,114.904,40.87300000000001,166.0,741.0,2015-12-21
62,67698,Zhangjiakou,Zhangjiakou_Renmingongyuan,Renmingongyuan,2015,12,21,355,4,96.95833333333331,933.9541666666668,-5.95,-10.279166666666667,72.95833333333333,0.0,47.83358637441607,74.9250900889378,276.23709503869384,NW,0.2333333333333333,3.6333333333333337,2.341666666666667,0.9,1.3,1092,19,0.29600000000000004,22,0.04363359244,1105.1,1100.64,1107.56,1106.8533333333332,1107.55,0.31199999999999994,0.347992,0.36583000000000004,0.3712973333333333,0.376751,0.08053111203999999,0.07190529553720001,0.10488668420460001,0.12313412942639995,0.1311089263869,19,22,22,22,22,52,52,52,52,114.898,40.836999999999996,789.0,527.0,2015-12-21
63,68736,Zhangjiakou,Zhangjiakou_Shijihaoyuan,Shijihaoyuan,2015,12,21,355,4,25.125,933.9541666666668,-5.95,-10.279166666666667,72.95833333333333,0.0,127.111550654963,287.9154235581512,276.99632410715566,NW,0.2333333333333333,3.6333333333333337,2.341666666666667,0.9,1.3,1092,12,0.28,52,0.02429290494,1105.1,1097.92,1108.84,1107.4266666666667,1108.07,0.30639999999999995,0.3553520000000001,0.36831,0.37977733333333336,0.379792,0.08053111204,0.0632349004628,0.1056422262046,0.12026144923986665,0.1320625053284,14,12,24,12,22,52,52,52,52,114.90299999999999,40.769,439.0,210.0,2015-12-21
64,69806,Zhangjiakou,Zhangjiakou_Tanjichang,Tanjichang,2015,12,21,355,4,78.5,933.9541666666668,-5.95,-10.279166666666667,72.95833333333333,0.0,127.111550654963,287.9154235581512,276.8980186741108,NW,0.2333333333333333,3.6333333333333337,2.341666666666667,0.9,1.3,1110,17,0.29600000000000004,12,0.04363359244,1106.6,1100.64,1107.38,1106.2,1107.26,0.3112,0.347992,0.36583,0.3712973333333333,0.3772309999999999,0.08053111203999999,0.0632349004628,0.1056422262046,0.11774255778573332,0.13110892638690005,12,40,22,24,24,52,52,52,52,114.89200000000001,40.795,416.0,749.0,2015-12-21
65,70870,Zhangjiakou,Zhangjiakou_Wujinku,Wujinku,2015,12,21,355,4,98.04166666666669,933.9541666666668,-5.95,-10.279166666666667,72.95833333333333,0.0,47.83358637441607,74.9250900889378,276.933783462737,NW,0.2333333333333333,3.6333333333333337,2.341666666666667,0.9,1.3,1113,15,0.29600000000000004,42,0.04363359244,1106.6,1102.72,1105.84,1105.04,1106.33,0.3172,0.33470799999999995,0.36215,0.3661773333333333,0.3749509999999999,0.08275169607,0.0632349004628,0.1056422262046,0.11774255778573332,0.12911177299860002,15,17,22,24,24,52,52,52,52,114.881,40.811,789.0,527.0,2015-12-21
